pub_year	n_articles
	27
1951	1
1954	1
1956	1
1957	1
1958	1
1959	2
1964	3
1967	1
1968	1
1969	1
1970	3
1971	4
1972	3
1973	3
1974	9
1975	12
1976	6
1977	9
1978	5
1979	7
1980	6
1981	12
1982	8
1983	16
1984	9
1985	22
1986	19
1987	20
1988	19
1989	25
1990	38
1991	26
1992	44
1993	51
1994	52
1995	58
1996	87
1997	77
1998	79
1999	89
2000	79
2001	92
2002	98
2003	109
2004	123
2005	146
2006	121
2007	147
2008	173
2009	203
2010	206
2011	247
2012	240
2013	319
2014	335
2015	380
2016	416
2017	513
2018	579
2019	625
2020	765
2021	898
2022	1201
2023	1301
2024	1599
2025	2028
2026	2110
2027	2
