exposure_id	outcome_id	n_articles
vaccination	infection	814
individual_social_factors	mortality	761
individual_social_factors	healthcare_utilization	746
neighborhood_deprivation	mortality	635
individual_social_factors	mental_health	452
vaccination	vaccine_adverse_event	417
individual_social_factors	infection	415
neighborhood_deprivation	healthcare_utilization	407
prenatal_medication	fetal_growth	367
prenatal_medication	preterm_birth	359
particulate_matter	mortality	350
prenatal_medication	neurodevelopment	312
individual_social_factors	cardiometabolic	296
built_environment	mortality	263
individual_social_factors	obesity_adiposity	255
neighborhood_deprivation	infection	255
vaccination	healthcare_utilization	244
neighborhood_deprivation	obesity_adiposity	227
prenatal_medication	mental_health	222
particulate_matter	healthcare_utilization	219
vaccination	mortality	214
neighborhood_deprivation	mental_health	212
prenatal_medication	adhd_autism	209
prenatal_medication	congenital_anomalies	206
prenatal_medication	obesity_adiposity	195
neighborhood_deprivation	cardiometabolic	194
prenatal_medication	infection	188
traffic_related_air_pollution	mortality	187
prenatal_medication	mortality	180
neighborhood_deprivation	childhood_cancer	171
particulate_matter	asthma_wheeze	168
individual_social_factors	neurodevelopment	153
pesticides	mortality	152
tobacco_smoke	fetal_growth	145
tobacco_smoke	mortality	142
prenatal_medication	pregnancy_complications	141
built_environment	healthcare_utilization	136
individual_social_factors	childhood_cancer	135
traffic_related_air_pollution	healthcare_utilization	132
pesticides	childhood_cancer	131
individual_social_factors	asthma_wheeze	130
prenatal_medication	childhood_cancer	129
particulate_matter	infection	126
ozone	mortality	122
prenatal_medication	asthma_wheeze	121
temperature_heat	healthcare_utilization	119
individual_social_factors	preterm_birth	117
built_environment	obesity_adiposity	116
particulate_matter	preterm_birth	116
temperature_heat	mortality	116
tobacco_smoke	preterm_birth	112
prenatal_medication	cardiometabolic	111
prenatal_medication	healthcare_utilization	110
neighborhood_deprivation	preterm_birth	109
built_environment	childhood_cancer	105
tobacco_smoke	asthma_wheeze	105
built_environment	cardiometabolic	104
particulate_matter	cardiometabolic	102
traffic_related_air_pollution	asthma_wheeze	101
neighborhood_deprivation	fetal_growth	99
ozone	healthcare_utilization	99
particulate_matter	fetal_growth	99
tobacco_smoke	obesity_adiposity	99
built_environment	mental_health	96
individual_social_factors	fetal_growth	96
tobacco_smoke	healthcare_utilization	96
vaccination	preterm_birth	83
individual_social_factors	pregnancy_complications	81
prenatal_medication	type1_diabetes_autoimmunity	81
ozone	asthma_wheeze	80
particulate_matter	obesity_adiposity	78
neighborhood_deprivation	neurodevelopment	75
other_metals	mortality	73
built_environment	infection	72
neighborhood_deprivation	asthma_wheeze	70
built_environment	asthma_wheeze	69
tobacco_smoke	childhood_cancer	67
tobacco_smoke	infection	67
pesticides	mental_health	65
pesticides	healthcare_utilization	64
traffic_related_air_pollution	preterm_birth	64
traffic_related_air_pollution	cardiometabolic	62
green_blue_space	mortality	61
indoor_air	asthma_wheeze	59
temperature_heat	infection	59
vaccination	type1_diabetes_autoimmunity	58
persistent_organic_pollutants	obesity_adiposity	56
vaccination	fetal_growth	56
traffic_related_air_pollution	fetal_growth	55
traffic_related_air_pollution	infection	55
built_environment	fetal_growth	54
built_environment	neurodevelopment	54
built_environment	preterm_birth	54
individual_social_factors	congenital_anomalies	54
indoor_air	mortality	53
particulate_matter	childhood_cancer	53
traffic_related_air_pollution	childhood_cancer	53
endocrine_disruptors	obesity_adiposity	51
particulate_matter	pregnancy_complications	51
persistent_organic_pollutants	fetal_growth	51
neighborhood_deprivation	congenital_anomalies	50
ozone	preterm_birth	50
neighborhood_deprivation	pregnancy_complications	47
other_metals	neurodevelopment	47
ozone	infection	47
other_metals	fetal_growth	45
prenatal_medication	allergic_disease	45
tobacco_smoke	congenital_anomalies	44
individual_social_factors	adhd_autism	43
individual_social_factors	type1_diabetes_autoimmunity	43
green_blue_space	mental_health	42
vaccination	asthma_wheeze	42
persistent_organic_pollutants	cardiometabolic	41
pesticides	neurodevelopment	41
traffic_related_air_pollution	obesity_adiposity	41
vaccination	pregnancy_complications	41
endocrine_disruptors	preterm_birth	40
tobacco_smoke	lung_function	39
persistent_organic_pollutants	childhood_cancer	38
pesticides	obesity_adiposity	38
endocrine_disruptors	fetal_growth	37
green_blue_space	obesity_adiposity	37
other_metals	obesity_adiposity	37
pesticides	fetal_growth	37
tobacco_smoke	cardiometabolic	37
vaccination	congenital_anomalies	37
pesticides	congenital_anomalies	36
tobacco_smoke	mental_health	36
ozone	cardiometabolic	35
particulate_matter	neurodevelopment	35
temperature_heat	preterm_birth	35
other_metals	preterm_birth	34
persistent_organic_pollutants	mortality	34
temperature_heat	asthma_wheeze	34
traffic_related_air_pollution	pregnancy_complications	34
particulate_matter	lung_function	33
persistent_organic_pollutants	neurodevelopment	33
particulate_matter	mental_health	32
persistent_organic_pollutants	preterm_birth	32
pesticides	cardiometabolic	32
tobacco_smoke	pregnancy_complications	32
vaccination	neurodevelopment	32
green_blue_space	cardiometabolic	31
lead	neurodevelopment	31
neighborhood_deprivation	type1_diabetes_autoimmunity	31
noise	cardiometabolic	31
structural_racism	mortality	31
tobacco_smoke	neurodevelopment	31
indoor_air	childhood_cancer	30
indoor_air	infection	30
ozone	fetal_growth	30
particulate_matter	congenital_anomalies	30
pesticides	infection	30
pesticides	preterm_birth	30
vaccination	adhd_autism	30
endocrine_disruptors	cardiometabolic	29
temperature_heat	cardiometabolic	29
wildfire_smoke	healthcare_utilization	29
drinking_water_contamination	mortality	27
built_environment	pregnancy_complications	26
wildfire_smoke	mortality	26
endocrine_disruptors	neurodevelopment	25
noise	mortality	25
other_metals	childhood_cancer	25
ozone	pregnancy_complications	25
particulate_matter	allergic_disease	25
green_blue_space	neurodevelopment	24
neighborhood_deprivation	adhd_autism	24
ozone	obesity_adiposity	24
other_metals	cardiometabolic	23
particulate_matter	adhd_autism	23
prenatal_medication	vaccine_adverse_event	23
temperature_heat	mental_health	23
vaccination	mental_health	23
vaccination	obesity_adiposity	23
other_metals	adhd_autism	22
prenatal_medication	puberty_growth	22
endocrine_disruptors	mortality	21
indoor_air	healthcare_utilization	21
particulate_matter	type1_diabetes_autoimmunity	21
tobacco_smoke	allergic_disease	21
vaccination	cardiometabolic	21
violence_crime	mental_health	21
built_environment	congenital_anomalies	20
green_blue_space	preterm_birth	20
tobacco_smoke	type1_diabetes_autoimmunity	20
vaccination	allergic_disease	20
wildfire_smoke	asthma_wheeze	20
green_blue_space	asthma_wheeze	19
tobacco_smoke	adhd_autism	19
traffic_related_air_pollution	adhd_autism	19
traffic_related_air_pollution	congenital_anomalies	19
traffic_related_air_pollution	neurodevelopment	19
endocrine_disruptors	congenital_anomalies	18
green_blue_space	fetal_growth	18
green_blue_space	healthcare_utilization	18
green_blue_space	infection	18
persistent_organic_pollutants	infection	18
temperature_heat	obesity_adiposity	18
drinking_water_contamination	congenital_anomalies	17
temperature_heat	fetal_growth	17
vaccination	childhood_cancer	17
lead	fetal_growth	16
pesticides	adhd_autism	16
traffic_related_air_pollution	mental_health	16
drinking_water_contamination	childhood_cancer	15
drinking_water_contamination	fetal_growth	15
neighborhood_deprivation	allergic_disease	15
persistent_organic_pollutants	asthma_wheeze	15
persistent_organic_pollutants	pregnancy_complications	15
pesticides	pregnancy_complications	15
temperature_heat	pregnancy_complications	15
traffic_related_air_pollution	lung_function	15
built_environment	adhd_autism	14
built_environment	allergic_disease	14
built_environment	type1_diabetes_autoimmunity	14
endocrine_disruptors	infection	14
individual_social_factors	allergic_disease	14
individual_social_factors	lung_function	14
other_metals	congenital_anomalies	14
ozone	congenital_anomalies	14
pesticides	asthma_wheeze	14
pesticides	type1_diabetes_autoimmunity	14
prenatal_medication	lung_function	14
traffic_related_air_pollution	allergic_disease	14
drinking_water_contamination	preterm_birth	13
endocrine_disruptors	pregnancy_complications	13
endocrine_disruptors	puberty_growth	13
indoor_air	allergic_disease	13
lead	mortality	13
lead	obesity_adiposity	13
lead	preterm_birth	13
neighborhood_deprivation	lung_function	13
structural_racism	infection	13
wildfire_smoke	infection	13
drinking_water_contamination	cardiometabolic	12
indoor_air	preterm_birth	12
other_metals	infection	12
ozone	lung_function	12
ozone	neurodevelopment	12
structural_racism	cardiometabolic	12
noise	obesity_adiposity	11
ozone	adhd_autism	11
ozone	allergic_disease	11
ozone	childhood_cancer	11
ozone	mental_health	11
ozone	type1_diabetes_autoimmunity	11
persistent_organic_pollutants	healthcare_utilization	11
persistent_organic_pollutants	puberty_growth	11
persistent_organic_pollutants	type1_diabetes_autoimmunity	11
structural_racism	preterm_birth	11
traffic_related_air_pollution	type1_diabetes_autoimmunity	11
violence_crime	healthcare_utilization	11
endocrine_disruptors	adhd_autism	10
endocrine_disruptors	asthma_wheeze	10
lead	cardiometabolic	10
noise	mental_health	10
other_metals	puberty_growth	10
structural_racism	healthcare_utilization	10
structural_racism	mental_health	10
temperature_heat	allergic_disease	10
endocrine_disruptors	type1_diabetes_autoimmunity	9
green_blue_space	lung_function	9
indoor_air	fetal_growth	9
indoor_air	lung_function	9
other_metals	pregnancy_complications	9
persistent_organic_pollutants	adhd_autism	9
persistent_organic_pollutants	mental_health	9
tobacco_smoke	puberty_growth	9
violence_crime	mortality	9
violence_crime	neurodevelopment	9
endocrine_disruptors	mental_health	8
indoor_air	cardiometabolic	8
indoor_air	neurodevelopment	8
lead	childhood_cancer	8
other_metals	mental_health	8
persistent_organic_pollutants	allergic_disease	8
persistent_organic_pollutants	congenital_anomalies	8
structural_racism	neurodevelopment	8
structural_racism	obesity_adiposity	8
temperature_heat	lung_function	8
built_environment	lung_function	7
drinking_water_contamination	mental_health	7
endocrine_disruptors	childhood_cancer	7
green_blue_space	allergic_disease	7
green_blue_space	pregnancy_complications	7
indoor_air	obesity_adiposity	7
indoor_air	pregnancy_complications	7
other_metals	healthcare_utilization	7
pesticides	puberty_growth	7
structural_racism	asthma_wheeze	7
structural_racism	pregnancy_complications	7
drinking_water_contamination	obesity_adiposity	6
endocrine_disruptors	allergic_disease	6
individual_social_factors	puberty_growth	6
individual_social_factors	vaccine_adverse_event	6
lead	adhd_autism	6
lead	pregnancy_complications	6
noise	fetal_growth	6
noise	neurodevelopment	6
pesticides	vaccine_adverse_event	6
violence_crime	obesity_adiposity	6
wildfire_smoke	childhood_cancer	6
wildfire_smoke	preterm_birth	6
drinking_water_contamination	neurodevelopment	5
green_blue_space	type1_diabetes_autoimmunity	5
lead	healthcare_utilization	5
noise	pregnancy_complications	5
noise	preterm_birth	5
other_metals	asthma_wheeze	5
other_metals	type1_diabetes_autoimmunity	5
structural_racism	childhood_cancer	5
temperature_heat	childhood_cancer	5
temperature_heat	congenital_anomalies	5
vaccination	puberty_growth	5
violence_crime	infection	5
wildfire_smoke	cardiometabolic	5
wildfire_smoke	mental_health	5
drinking_water_contamination	infection	4
endocrine_disruptors	healthcare_utilization	4
green_blue_space	adhd_autism	4
green_blue_space	childhood_cancer	4
indoor_air	mental_health	4
lead	infection	4
lead	mental_health	4
neighborhood_deprivation	puberty_growth	4
noise	infection	4
other_metals	vaccine_adverse_event	4
pesticides	lung_function	4
structural_racism	fetal_growth	4
violence_crime	asthma_wheeze	4
violence_crime	preterm_birth	4
wildfire_smoke	congenital_anomalies	4
wildfire_smoke	lung_function	4
wildfire_smoke	neurodevelopment	4
drinking_water_contamination	asthma_wheeze	3
drinking_water_contamination	healthcare_utilization	3
drinking_water_contamination	pregnancy_complications	3
drinking_water_contamination	type1_diabetes_autoimmunity	3
green_blue_space	congenital_anomalies	3
indoor_air	congenital_anomalies	3
indoor_air	type1_diabetes_autoimmunity	3
noise	asthma_wheeze	3
noise	healthcare_utilization	3
noise	lung_function	3
other_metals	lung_function	3
persistent_organic_pollutants	lung_function	3
temperature_heat	neurodevelopment	3
tobacco_smoke	vaccine_adverse_event	3
vaccination	lung_function	3
violence_crime	cardiometabolic	3
violence_crime	fetal_growth	3
wildfire_smoke	fetal_growth	3
wildfire_smoke	pregnancy_complications	3
built_environment	puberty_growth	2
drinking_water_contamination	adhd_autism	2
indoor_air	puberty_growth	2
neighborhood_deprivation	vaccine_adverse_event	2
noise	childhood_cancer	2
other_metals	allergic_disease	2
particulate_matter	puberty_growth	2
pesticides	allergic_disease	2
temperature_heat	adhd_autism	2
temperature_heat	type1_diabetes_autoimmunity	2
temperature_heat	vaccine_adverse_event	2
violence_crime	adhd_autism	2
violence_crime	childhood_cancer	2
drinking_water_contamination	allergic_disease	1
endocrine_disruptors	lung_function	1
indoor_air	adhd_autism	1
lead	asthma_wheeze	1
lead	congenital_anomalies	1
lead	vaccine_adverse_event	1
noise	congenital_anomalies	1
noise	puberty_growth	1
noise	vaccine_adverse_event	1
particulate_matter	vaccine_adverse_event	1
structural_racism	lung_function	1
structural_racism	type1_diabetes_autoimmunity	1
traffic_related_air_pollution	puberty_growth	1
traffic_related_air_pollution	vaccine_adverse_event	1
wildfire_smoke	adhd_autism	1
wildfire_smoke	obesity_adiposity	1
wildfire_smoke	type1_diabetes_autoimmunity	1
