facet_id	query_only	mesh_only	both
adhd_autism	120	4	219
adolescent	173	2051	405
adult	622	5114	1554
allergic_disease	135	6	78
asthma_wheeze	283	10	473
biobank	231	7	41
biomonitoring	782	71	471
built_environment	550	564	145
cardiometabolic	581	27	323
child	1234	570	2552
childhood_cancer	226	483	374
claims	480	394	90
congenital_anomalies	232	61	223
drinking_water_contamination	20	146	43
ehr	1803	81	464
endocrine_disruptors	250	14	152
exposome_wide_design	181	628	139
fetal_growth	353	79	487
gene_environment	183	43	74
green_blue_space	268	0	34
health_registry	3605	572	1863
healthcare_utilization	941	157	680
immunization_surveillance	266	96	78
individual_social_factors	2751	69	1020
indoor_air	87	85	104
infant	378	1624	1234
infection	1231	21	721
lead	38	30	181
lung_function	94	8	67
machine_learning	397	3	154
mental_health	801	89	271
mixture_methods	220	5	4
monitoring_station	93	464	26
mortality	2516	17	215
national_survey	103	121	81
neighborhood_deprivation	1296	613	537
neurodevelopment	512	90	207
noise	46	10	81
obesity_adiposity	689	18	291
other_metals	251	15	198
ozone	262	9	159
particulate_matter	489	55	774
persistent_organic_pollutants	302	6	260
personal_sensor	152	70	21
pesticides	449	28	454
pregnancy_complications	184	26	209
prenatal_medication	24	1519	138
prenatal_window	694	190	2813
preterm_birth	420	116	420
puberty_growth	54	3	17
questionnaire	1513	182	367
record_based_exposure	169	127	2
record_linkage	391	30	22
research_cohort	333	1907	674
residential_geocoding	1173	85	74
self_controlled_design	278	12	125
spatial_model	208	97	6
structural_racism	94	9	17
temperature_heat	277	22	123
time_series_design	321	1	9
tobacco_smoke	179	307	386
traffic_related_air_pollution	385	55	298
type1_diabetes_autoimmunity	145	29	197
vaccination	641	9	674
vaccine_adverse_event	254	66	146
violence_crime	29	25	21
wildfire_smoke	51	26	49
