descendant_id	predicate	ancestor_id	min_levels
adhd_autism	is_a	neurodevelopmental_outcome	1
adhd_autism	is_a	health_outcome	2
adhd_autism	is_a	exposome_axis	3
adolescent	is_a	life_stage	1
adolescent	is_a	exposome_axis	2
adult	is_a	life_stage	1
adult	is_a	exposome_axis	2
air_pollution	is_a	external_exposure	1
air_pollution	is_a	exposome_axis	2
allergic_disease	is_a	respiratory_allergic_outcome	1
allergic_disease	is_a	health_outcome	2
allergic_disease	is_a	exposome_axis	3
area_level_assessment	is_a	exposure_assessment	1
area_level_assessment	is_a	exposome_axis	2
asthma_wheeze	is_a	respiratory_allergic_outcome	1
asthma_wheeze	is_a	health_outcome	2
asthma_wheeze	is_a	exposome_axis	3
biobank	is_a	research_collected_data	1
biobank	is_a	data_source_class	2
biobank	is_a	exposome_axis	3
biomonitoring	is_a	individual_level_assessment	1
biomonitoring	is_a	exposure_assessment	2
biomonitoring	is_a	exposome_axis	3
built_environment	is_a	physical_environment	1
built_environment	is_a	external_exposure	2
built_environment	is_a	exposome_axis	3
cardiometabolic	is_a	metabolic_growth_outcome	1
cardiometabolic	is_a	health_outcome	2
cardiometabolic	is_a	exposome_axis	3
chemical_exposure	is_a	external_exposure	1
chemical_exposure	is_a	exposome_axis	2
child	is_a	life_stage	1
child	is_a	exposome_axis	2
childhood_cancer	is_a	health_outcome	1
childhood_cancer	is_a	exposome_axis	2
claims	is_a	routinely_collected_data	1
claims	is_a	data_source_class	2
claims	is_a	exposome_axis	3
congenital_anomalies	is_a	perinatal_outcome	1
congenital_anomalies	is_a	health_outcome	2
congenital_anomalies	is_a	exposome_axis	3
data_source_class	is_a	exposome_axis	1
drinking_water_contamination	is_a	chemical_exposure	1
drinking_water_contamination	is_a	external_exposure	2
drinking_water_contamination	is_a	exposome_axis	3
ehr	is_a	routinely_collected_data	1
ehr	is_a	data_source_class	2
ehr	is_a	exposome_axis	3
endocrine_disruptors	is_a	chemical_exposure	1
endocrine_disruptors	is_a	external_exposure	2
endocrine_disruptors	is_a	exposome_axis	3
exposome_wide_design	is_a	study_design_class	1
exposome_wide_design	is_a	exposome_axis	2
exposure_assessment	is_a	exposome_axis	1
external_exposure	is_a	exposome_axis	1
fetal_growth	is_a	perinatal_outcome	1
fetal_growth	is_a	health_outcome	2
fetal_growth	is_a	exposome_axis	3
gene_environment	is_a	study_design_class	1
gene_environment	is_a	exposome_axis	2
green_blue_space	is_a	physical_environment	1
green_blue_space	is_a	external_exposure	2
green_blue_space	is_a	exposome_axis	3
health_outcome	is_a	exposome_axis	1
health_registry	is_a	routinely_collected_data	1
health_registry	is_a	data_source_class	2
health_registry	is_a	exposome_axis	3
healthcare_utilization	is_a	health_outcome	1
healthcare_utilization	is_a	exposome_axis	2
immune_infectious_outcome	is_a	health_outcome	1
immune_infectious_outcome	is_a	exposome_axis	2
immunization_surveillance	is_a	routinely_collected_data	1
immunization_surveillance	is_a	data_source_class	2
immunization_surveillance	is_a	exposome_axis	3
individual_level_assessment	is_a	exposure_assessment	1
individual_level_assessment	is_a	exposome_axis	2
individual_social_factors	is_a	social_environment	1
individual_social_factors	is_a	external_exposure	2
individual_social_factors	is_a	exposome_axis	3
indoor_air	is_a	air_pollution	1
indoor_air	is_a	external_exposure	2
indoor_air	is_a	exposome_axis	3
infant	is_a	life_stage	1
infant	is_a	exposome_axis	2
infection	is_a	immune_infectious_outcome	1
infection	is_a	health_outcome	2
infection	is_a	exposome_axis	3
lead	is_a	chemical_exposure	1
lead	is_a	external_exposure	2
lead	is_a	exposome_axis	3
life_stage	is_a	exposome_axis	1
lung_function	is_a	respiratory_allergic_outcome	1
lung_function	is_a	health_outcome	2
lung_function	is_a	exposome_axis	3
machine_learning	is_a	study_design_class	1
machine_learning	is_a	exposome_axis	2
medical_exposure	is_a	external_exposure	1
medical_exposure	is_a	exposome_axis	2
mental_health	is_a	neurodevelopmental_outcome	1
mental_health	is_a	health_outcome	2
mental_health	is_a	exposome_axis	3
metabolic_growth_outcome	is_a	health_outcome	1
metabolic_growth_outcome	is_a	exposome_axis	2
mixture_methods	is_a	study_design_class	1
mixture_methods	is_a	exposome_axis	2
monitoring_station	is_a	area_level_assessment	1
monitoring_station	is_a	exposure_assessment	2
monitoring_station	is_a	exposome_axis	3
mortality	is_a	health_outcome	1
mortality	is_a	exposome_axis	2
national_survey	is_a	research_collected_data	1
national_survey	is_a	data_source_class	2
national_survey	is_a	exposome_axis	3
neighborhood_deprivation	is_a	social_environment	1
neighborhood_deprivation	is_a	external_exposure	2
neighborhood_deprivation	is_a	exposome_axis	3
neurodevelopment	is_a	neurodevelopmental_outcome	1
neurodevelopment	is_a	health_outcome	2
neurodevelopment	is_a	exposome_axis	3
neurodevelopmental_outcome	is_a	health_outcome	1
neurodevelopmental_outcome	is_a	exposome_axis	2
noise	is_a	physical_environment	1
noise	is_a	external_exposure	2
noise	is_a	exposome_axis	3
obesity_adiposity	is_a	metabolic_growth_outcome	1
obesity_adiposity	is_a	health_outcome	2
obesity_adiposity	is_a	exposome_axis	3
other_metals	is_a	chemical_exposure	1
other_metals	is_a	external_exposure	2
other_metals	is_a	exposome_axis	3
ozone	is_a	air_pollution	1
ozone	is_a	external_exposure	2
ozone	is_a	exposome_axis	3
particulate_matter	is_a	air_pollution	1
particulate_matter	is_a	external_exposure	2
particulate_matter	is_a	exposome_axis	3
perinatal_outcome	is_a	health_outcome	1
perinatal_outcome	is_a	exposome_axis	2
persistent_organic_pollutants	is_a	chemical_exposure	1
persistent_organic_pollutants	is_a	external_exposure	2
persistent_organic_pollutants	is_a	exposome_axis	3
personal_sensor	is_a	individual_level_assessment	1
personal_sensor	is_a	exposure_assessment	2
personal_sensor	is_a	exposome_axis	3
pesticides	is_a	chemical_exposure	1
pesticides	is_a	external_exposure	2
pesticides	is_a	exposome_axis	3
physical_environment	is_a	external_exposure	1
physical_environment	is_a	exposome_axis	2
pregnancy_complications	is_a	perinatal_outcome	1
pregnancy_complications	is_a	health_outcome	2
pregnancy_complications	is_a	exposome_axis	3
prenatal_medication	is_a	medical_exposure	1
prenatal_medication	is_a	external_exposure	2
prenatal_medication	is_a	exposome_axis	3
prenatal_window	is_a	life_stage	1
prenatal_window	is_a	exposome_axis	2
preterm_birth	is_a	perinatal_outcome	1
preterm_birth	is_a	health_outcome	2
preterm_birth	is_a	exposome_axis	3
puberty_growth	is_a	metabolic_growth_outcome	1
puberty_growth	is_a	health_outcome	2
puberty_growth	is_a	exposome_axis	3
questionnaire	is_a	individual_level_assessment	1
questionnaire	is_a	exposure_assessment	2
questionnaire	is_a	exposome_axis	3
record_based_exposure	is_a	individual_level_assessment	1
record_based_exposure	is_a	exposure_assessment	2
record_based_exposure	is_a	exposome_axis	3
record_linkage	is_a	routinely_collected_data	1
record_linkage	is_a	data_source_class	2
record_linkage	is_a	exposome_axis	3
research_cohort	is_a	research_collected_data	1
research_cohort	is_a	data_source_class	2
research_cohort	is_a	exposome_axis	3
research_collected_data	is_a	data_source_class	1
research_collected_data	is_a	exposome_axis	2
residential_geocoding	is_a	area_level_assessment	1
residential_geocoding	is_a	exposure_assessment	2
residential_geocoding	is_a	exposome_axis	3
respiratory_allergic_outcome	is_a	health_outcome	1
respiratory_allergic_outcome	is_a	exposome_axis	2
routinely_collected_data	is_a	data_source_class	1
routinely_collected_data	is_a	exposome_axis	2
self_controlled_design	is_a	study_design_class	1
self_controlled_design	is_a	exposome_axis	2
social_environment	is_a	external_exposure	1
social_environment	is_a	exposome_axis	2
spatial_model	is_a	area_level_assessment	1
spatial_model	is_a	exposure_assessment	2
spatial_model	is_a	exposome_axis	3
structural_racism	is_a	social_environment	1
structural_racism	is_a	external_exposure	2
structural_racism	is_a	exposome_axis	3
study_design_class	is_a	exposome_axis	1
temperature_heat	is_a	physical_environment	1
temperature_heat	is_a	external_exposure	2
temperature_heat	is_a	exposome_axis	3
time_series_design	is_a	study_design_class	1
time_series_design	is_a	exposome_axis	2
tobacco_smoke	is_a	air_pollution	1
tobacco_smoke	is_a	external_exposure	2
tobacco_smoke	is_a	exposome_axis	3
traffic_related_air_pollution	is_a	air_pollution	1
traffic_related_air_pollution	is_a	external_exposure	2
traffic_related_air_pollution	is_a	exposome_axis	3
type1_diabetes_autoimmunity	is_a	immune_infectious_outcome	1
type1_diabetes_autoimmunity	is_a	health_outcome	2
type1_diabetes_autoimmunity	is_a	exposome_axis	3
vaccination	is_a	medical_exposure	1
vaccination	is_a	external_exposure	2
vaccination	is_a	exposome_axis	3
vaccine_adverse_event	is_a	immune_infectious_outcome	1
vaccine_adverse_event	is_a	health_outcome	2
vaccine_adverse_event	is_a	exposome_axis	3
violence_crime	is_a	social_environment	1
violence_crime	is_a	external_exposure	2
violence_crime	is_a	exposome_axis	3
wildfire_smoke	is_a	air_pollution	1
wildfire_smoke	is_a	external_exposure	2
wildfire_smoke	is_a	exposome_axis	3
