subject_id	predicate	object_id	provenance	source
adhd_autism	is_a	neurodevelopmental_outcome	taxonomy	curated
adolescent	is_a	life_stage	taxonomy	curated
adult	is_a	life_stage	taxonomy	curated
air_pollution	is_a	external_exposure	taxonomy	curated
allergic_disease	is_a	respiratory_allergic_outcome	taxonomy	curated
area_level_assessment	is_a	exposure_assessment	taxonomy	curated
asthma_wheeze	is_a	respiratory_allergic_outcome	taxonomy	curated
biobank	is_a	research_collected_data	taxonomy	curated
biomonitoring	is_a	individual_level_assessment	taxonomy	curated
built_environment	is_a	physical_environment	taxonomy	curated
cardiometabolic	is_a	metabolic_growth_outcome	taxonomy	curated
chemical_exposure	is_a	external_exposure	taxonomy	curated
child	is_a	life_stage	taxonomy	curated
childhood_cancer	is_a	health_outcome	taxonomy	curated
claims	is_a	routinely_collected_data	taxonomy	curated
congenital_anomalies	is_a	perinatal_outcome	taxonomy	curated
data_source_class	is_a	exposome_axis	taxonomy	curated
drinking_water_contamination	is_a	chemical_exposure	taxonomy	curated
ehr	is_a	routinely_collected_data	taxonomy	curated
endocrine_disruptors	is_a	chemical_exposure	taxonomy	curated
exposome_wide_design	is_a	study_design_class	taxonomy	curated
exposure_assessment	is_a	exposome_axis	taxonomy	curated
external_exposure	is_a	exposome_axis	taxonomy	curated
fetal_growth	is_a	perinatal_outcome	taxonomy	curated
gene_environment	is_a	study_design_class	taxonomy	curated
green_blue_space	is_a	physical_environment	taxonomy	curated
health_outcome	is_a	exposome_axis	taxonomy	curated
health_registry	is_a	routinely_collected_data	taxonomy	curated
healthcare_utilization	is_a	health_outcome	taxonomy	curated
immune_infectious_outcome	is_a	health_outcome	taxonomy	curated
immunization_surveillance	is_a	routinely_collected_data	taxonomy	curated
individual_level_assessment	is_a	exposure_assessment	taxonomy	curated
individual_social_factors	is_a	social_environment	taxonomy	curated
indoor_air	is_a	air_pollution	taxonomy	curated
infant	is_a	life_stage	taxonomy	curated
infection	is_a	immune_infectious_outcome	taxonomy	curated
lead	is_a	chemical_exposure	taxonomy	curated
life_stage	is_a	exposome_axis	taxonomy	curated
lung_function	is_a	respiratory_allergic_outcome	taxonomy	curated
machine_learning	is_a	study_design_class	taxonomy	curated
medical_exposure	is_a	external_exposure	taxonomy	curated
mental_health	is_a	neurodevelopmental_outcome	taxonomy	curated
metabolic_growth_outcome	is_a	health_outcome	taxonomy	curated
mixture_methods	is_a	study_design_class	taxonomy	curated
monitoring_station	is_a	area_level_assessment	taxonomy	curated
mortality	is_a	health_outcome	taxonomy	curated
national_survey	is_a	research_collected_data	taxonomy	curated
neighborhood_deprivation	is_a	social_environment	taxonomy	curated
neurodevelopment	is_a	neurodevelopmental_outcome	taxonomy	curated
neurodevelopmental_outcome	is_a	health_outcome	taxonomy	curated
noise	is_a	physical_environment	taxonomy	curated
obesity_adiposity	is_a	metabolic_growth_outcome	taxonomy	curated
other_metals	is_a	chemical_exposure	taxonomy	curated
ozone	is_a	air_pollution	taxonomy	curated
particulate_matter	is_a	air_pollution	taxonomy	curated
perinatal_outcome	is_a	health_outcome	taxonomy	curated
persistent_organic_pollutants	is_a	chemical_exposure	taxonomy	curated
personal_sensor	is_a	individual_level_assessment	taxonomy	curated
pesticides	is_a	chemical_exposure	taxonomy	curated
physical_environment	is_a	external_exposure	taxonomy	curated
pregnancy_complications	is_a	perinatal_outcome	taxonomy	curated
prenatal_medication	is_a	medical_exposure	taxonomy	curated
prenatal_window	is_a	life_stage	taxonomy	curated
preterm_birth	is_a	perinatal_outcome	taxonomy	curated
puberty_growth	is_a	metabolic_growth_outcome	taxonomy	curated
questionnaire	is_a	individual_level_assessment	taxonomy	curated
record_based_exposure	is_a	individual_level_assessment	taxonomy	curated
record_linkage	is_a	routinely_collected_data	taxonomy	curated
research_cohort	is_a	research_collected_data	taxonomy	curated
research_collected_data	is_a	data_source_class	taxonomy	curated
residential_geocoding	is_a	area_level_assessment	taxonomy	curated
respiratory_allergic_outcome	is_a	health_outcome	taxonomy	curated
routinely_collected_data	is_a	data_source_class	taxonomy	curated
self_controlled_design	is_a	study_design_class	taxonomy	curated
social_environment	is_a	external_exposure	taxonomy	curated
spatial_model	is_a	area_level_assessment	taxonomy	curated
structural_racism	is_a	social_environment	taxonomy	curated
study_design_class	is_a	exposome_axis	taxonomy	curated
temperature_heat	is_a	physical_environment	taxonomy	curated
time_series_design	is_a	study_design_class	taxonomy	curated
tobacco_smoke	is_a	air_pollution	taxonomy	curated
traffic_related_air_pollution	is_a	air_pollution	taxonomy	curated
type1_diabetes_autoimmunity	is_a	immune_infectious_outcome	taxonomy	curated
vaccination	is_a	medical_exposure	taxonomy	curated
vaccine_adverse_event	is_a	immune_infectious_outcome	taxonomy	curated
violence_crime	is_a	social_environment	taxonomy	curated
wildfire_smoke	is_a	air_pollution	taxonomy	curated
