type_name	n_articles
Journal Article	15610
Research Support, Non-U.S. Gov't	4745
Research Support, N.I.H., Extramural	1996
Review	1432
Research Support, U.S. Gov't, P.H.S.	817
Comparative Study	501
Research Support, U.S. Gov't, Non-P.H.S.	424
Multicenter Study	360
Observational Study	358
Systematic Review	196
English Abstract	175
Randomized Controlled Trial	165
Editorial	141
Preprint	141
Research Support, N.I.H., Intramural	120
Meta-Analysis	111
Comment	92
Letter	78
Twin Study	75
Case Reports	73
Scoping Review	66
Evaluation Study	61
Clinical Trial Protocol	51
Clinical Trial	42
Historical Article	39
Validation Study	34
News	19
Published Erratum	18
Conference Proceedings	15
Consensus Statement	12
Clinical Trial, Phase II	10
Introductory Journal Article	9
Video-Audio Media	9
Controlled Clinical Trial	8
Practice Guideline	8
Pragmatic Clinical Trial	7
Clinical Trial, Phase I	5
Dataset	4
Guideline	4
Interview	3
Research Support, American Recovery and Reinvestment Act	3
Technical Report	3
Clinical Trial, Phase IV	2
Equivalence Trial	2
Legal Case	2
Retracted Publication	2
Clinical Trial, Phase III	1
Corrected and Republished Article	1
Directory	1
Lecture	1
Observational Study, Veterinary	1
Retraction Notice	1
