descriptor_name	n_articles
Humans	13045
Female	8730
Male	6745
Adult	5135
Middle Aged	3732
Environmental Exposure	3195
Aged	3172
Pregnancy	2994
Child	2785
Risk Factors	2728
Adolescent	2456
Registries	2381
United States	2346
Retrospective Studies	2012
Infant, Newborn	1968
Infant	1853
Child, Preschool	1852
Young Adult	1840
Cohort Studies	1736
Prenatal Exposure Delayed Effects	1597
Incidence	1386
Air Pollutants	1048
Air Pollution	1045
Case-Control Studies	992
Aged, 80 and over	961
Socioeconomic Factors	961
Social Determinants of Health	953
Particulate Matter	827
Maternal Exposure	826
Risk Assessment	820
Prospective Studies	787
Cross-Sectional Studies	751
Animals	690
Exposome	689
Residence Characteristics	670
Neoplasms	660
COVID-19	632
Occupational Exposure	551
Vaccination	548
Environmental Pollutants	545
Hospitalization	529
Prevalence	521
Electronic Health Records	520
Smoking	505
Environmental Monitoring	490
Surveys and Questionnaires	478
Asthma	464
Logistic Models	461
Medicaid	454
Odds Ratio	447
Follow-Up Studies	432
Pregnancy Complications	427
Time Factors	419
Denmark	397
Pregnancy Outcome	384
Pesticides	379
Sweden	361
Longitudinal Studies	353
Healthcare Disparities	350
Lung Neoplasms	343
Proportional Hazards Models	338
SARS-CoV-2	331
China	327
Birth Weight	324
Medicare	323
California	321
Tobacco Smoke Pollution	315
Population Surveillance	314
Age Factors	313
Premature Birth	304
Risk	302
Social Class	300
COVID-19 Vaccines	292
Cardiovascular Diseases	291
Biomarkers	287
Ethnicity	284
Breast Neoplasms	272
Black or African American	269
Databases, Factual	269
Emergency Service, Hospital	264
Sex Factors	263
Health Services Accessibility	251
Nitrogen Dioxide	246
Neighborhood Characteristics	237
Italy	236
Gestational Age	234
Occupational Diseases	228
Mothers	227
Public Health	223
Seasons	223
Health Status Disparities	220
Socioeconomic Disparities in Health	218
Primary Health Care	214
Urban Population	213
Genetic Predisposition to Disease	210
Treatment Outcome	207
Rural Population	189
Metabolomics	186
Prognosis	186
Influenza Vaccines	184
Lead	184
Infant, Low Birth Weight	183
Pandemics	182
Body Mass Index	177
Influenza, Human	177
Diabetes Mellitus, Type 2	176
Mass Screening	175
Congenital Abnormalities	174
SEER Program	174
Norway	173
Poverty	169
Ozone	168
Vaccines	168
Regression Analysis	165
Age Distribution	164
Chronic Disease	163
Mortality	161
Abnormalities, Drug-Induced	160
United Kingdom	159
Water Pollutants, Chemical	159
Racial Groups	157
Patient Acceptance of Health Care	155
Hispanic or Latino	154
Netherlands	154
Air Pollution, Indoor	153
Mental Disorders	153
Severity of Illness Index	153
Housing	152
Finland	151
Research Design	151
France	150
Machine Learning	150
Environmental Health	149
Comorbidity	148
Japan	148
Obesity	147
Canada	145
Ontario	141
Europe	140
Fluorocarbons	140
Survival Rate	139
Tandem Mass Spectrometry	139
Sex Distribution	138
Cross-Over Studies	137
Bayes Theorem	136
Cause of Death	136
Republic of Korea	135
White	135
Life Style	133
Parents	133
Adverse Drug Reaction Reporting Systems	132
Diet	132
Dust	132
Pregnancy Complications, Infectious	131
Quality of Life	130
Australia	129
Confidence Intervals	129
Patient Readmission	129
Temperature	129
Child Development	128
New York City	128
Cities	126
Multivariate Analysis	126
Stroke	126
Educational Status	123
Maternal Age	123
Environment	122
White People	122
Myocardial Infarction	121
Data Collection	120
Health Surveys	120
Patient Discharge	120
Inhalation Exposure	119
Asbestos	118
Leukemia	118
Mesothelioma	118
Chromatography, Liquid	117
Gene-Environment Interaction	117
Diabetes Mellitus	116
Phenotype	116
Hospitals	115
Respiratory Tract Diseases	115
Spain	115
Vehicle Emissions	115
Attention Deficit Disorder with Hyperactivity	114
England	114
Infant, Small for Gestational Age	113
Taiwan	113
Depression	112
Pulmonary Disease, Chronic Obstructive	112
Epilepsy	111
Health Status	111
Hypertension	110
Mass Spectrometry	110
Colorectal Neoplasms	109
Pregnancy Trimester, First	108
Prenatal Care	108
Agriculture	107
Diabetes, Gestational	107
Lead Poisoning	106
